"No.","Exon / Intron","Start","End","Start Phase","End Phase","Length","Sequence"
"","5' upstream sequence","","","","","","                            ..........atattttaacttgattgatttttcctcagatataagtatgagaaatgaca                "
"1","ENSE00001420935","69,434,245","69,433,479","-","1","767","                            GAAAGAAACAACAACTGGAAAAGAAGCACTGCATAAGACCAGGATGTCTCTGAAATGGATGTCAGTCTTTCTGCTGATGCAGCTCAGTTGTTACTTTAGCTCTGGGAGTTGTGGAAAGGTGCTGGTGTGGCCCACAGAATACAGCCATTGGATAAATATGAAGACAATCCTGGAAGAGCTTGTTCAGAGGGGTCATGAGGTGATTGTGTTGACATCTTCGGCTTCTATTCTTGTCAATGCCAGTAAATCATCTGCTATTAAATTAGAAGTTTATCCTACATCTTTAACTAAAAATGATTTGGAAGATTTTTTTATGAAAATGTTCGATAGATGGACATATAGTATTTCAAAAAATACATTTTGGTCATATTTTTCACAACTACAAGAATTGTGTTGGGAATATTCTGACTATAATATAAAGCTCTGTGAAGATGCAGTTTTGAACAAGAAACTTATGAGAAAACTACAAGAGTCAAAATTTGATGTCCTTCTGGCAGATGCCGTTAATCCCTGTGGTGAGCTGCTGGCTGAGCTACTTAACATACCCTTTCTGTACAGTCTCCGCTTCTCTGTTGGCTACACAGTTGAGAAGAATGGTGGAGGATTTCTGTTCCCTCCTTCCTATGTACCTGTTGTTATGTCAGAATTAAGTGATCAAATGATTTTCATGGAGAGGATAAAAAATATGATATATATGCTTTATTTTGACTTTTGGTTTCAAGCATATGATCTGAAGAAGTGGGACCAGTTTTATAGTGAAGTTCTAG                             "
" ","Intron 1-2","69,433,478","69,431,439","","","2,040","                            gtaagtcgtgtgtccaattggtgtt..........gttttgttttgtttttttccatcag                "
"2","ENSE00001670896","69,431,438","69,431,290","1","0","149","                            GAAGACCCACTACATTATTTGAGACAATGGGGAAAGCTGAAATGTGGCTCATTCGAACCTATTGGGATTTTGAATTTCCTCGCCCATTCTTACCAAATGTTGATTTTGTTGGAGGACTTCACTGTAAACCAGCCAAACCCTTGCCTAAG                                               "
" ","Intron 2-3","69,431,289","69,426,387","","","4,903","                            gtgaacatattcttgtttcatttgt..........gatagaacaaattctttcttcacag                "
"3","ENSE00001711753","69,426,386","69,426,255","0","0","132","                            GAAATGGAAGAGTTTGTGCAGAGCTCTGGAGAAAATGGTATTGTGGTGTTTTCTCTGGGGTCGATGATCAGTAACATGTCAGAAGAAAGTGCCAACATGATTGCATCAGCCCTTGCCCAGATCCCACAAAAG                                                                "
" ","Intron 3-4","69,426,254","69,417,630","","","8,625","                            gttagataaagtgccttaactgtgg..........caagatattttccttgccctaacag                "
"4","ENSE00001618641","69,417,629","69,417,542","0","1","88","                            GTTCTATGGAGATTTGATGGCAAGAAGCCAAATACTTTAGGTTCCAATACTCGACTGTATAAGTGGTTACCCCAGAATGACCTTCTTG                                                "
" ","Intron 4-5","69,417,541","69,416,615","","","927","                            gtaagactctggagaacaaatactg..........tttgttaaaatgcatccacttttag                "
"5","ENSE00001597835","69,416,614","69,416,395","1","2","220","                            GTCATCCCAAAACCAAAGCTTTTATAACTCATGGTGGAACCAATGGCATCTATGAGGCAATCTACCATGGGATCCCTATGGTGGGCATTCCCTTGTTTGCGGATCAACATGATAACATTGCTCACATGAAAGCCAAGGGAGCAGCCCTCAGTGTGGACATCAGGACCATGTCAAGTAGAGATTTGCTCAATGCATTGAAGTCAGTCATTAATGACCCTAT                                    "
" ","Intron 5-6","69,416,394","69,403,623","","","12,772","                            gtgagtattacaattttgtgaccag..........tgatatctttatatttatccttcag                "
"6","ENSE00001364957","69,403,622","69,402,902","2","-","721","                            CTATAAAGAGAATATCATGAAATTATCAAGAATTCATCATGATCAACCGGTGAAGCCCCTGGATCGAGCAGTCTTCTGGATTGAGTTTGTCATGCGCCATAAAGGAGCCAAGCACCTTCGGGTCGCAGCCCACAACCTCACCTGGATCCAGTACCACTCTTTGGATGTGATAGCATTCCTGCTGGCCTGCGTGGCAACTATGATATTTATGATCACAAAATGTTGCCTGTTTTGTTTCCGAAAGCTTGCCAAAACAGGAAAGAAGAAGAAAAGGGATTAGTTATATCAAAAGCCTGAAGTGGAATGACCAAAAGATGGGACTCCTCCTTTATTCCAGCATGGAGGGTTTTAAATGGAGGATTTCCTTTTTCCTGCGACAAAACGTCTTTTCACAACTTACCCTGTTAAGTCAAAATTTATTTTCCAGGAATTTAATATGTACTTTAGTTGGAATTATTCTATGTCAATGATTTTTAAGCTATGAAAAATAATAATATAAAACCTTATGGGCTTATATTGAAATTTATTATTCTAATCCAAAAGTTACCCCACACAAAAGTTACTGAGCTTCCTTATGTTTCACACATTGTATTTGAACACAAAACATTAACAACTCCACTCATAGTATCAACATTGTTTTGCAAATACTCAGAATATTTTGGCTTCATTTTGAGCAGAATTTTTGTTTTTAATTTTGCCAATGAAATCTTCAATAATTAAA                                                                           "
"","3' downstream sequence","","","","","","                            ttatgtaaaaagtctcactcttccttttgagattgcaagaccagtagtgt..........                "
